variant,scenario,rtt_ms,run,sessions,key_samples,key_p50_ms,key_p95_ms,key_p99_ms,first_p50_ms,first_p95_ms,first_p99_ms,idle_payload_Bps_median,active_payload_Bps_median,stalled_disconnected,battle_action_ms
before,starter,225.0,1,1,60,252.25,268.47,269.6,2180.07,2180.07,2180.07,6524,28039,0,
before,starter,225.0,2,1,60,261.82,271.48,279.89,2155.33,2155.33,2155.33,6524,27290,0,
before,starter,225.0,3,1,60,263.79,275.87,279.84,2180.99,2180.99,2180.99,6526,26844,0,
before,starter-local,0,1,1,60,16.64,17.51,18.66,57.12,57.12,57.12,6546,319239,0,
before,starter-local,0,2,1,60,16.79,18.94,19.36,57.89,57.89,57.89,6546,318128,0,
before,starter-local,0,3,1,60,16.24,18.52,19.06,55.92,55.92,55.92,6540,313946,0,
before,movement,0.0,1,1,60,16.72,18.52,18.7,62.94,62.94,62.94,0,22710,0,
before,movement,0.0,2,1,60,16.68,18.59,18.65,61.7,61.7,61.7,0,22668,0,
before,movement,0.0,3,1,60,16.67,18.53,18.88,58.7,58.7,58.7,0,22684,0,
before,movement,225.0,1,1,60,267.17,282.99,284.57,2200.87,2200.87,2200.87,0,1839,0,
before,movement,225.0,2,1,60,266.23,273.64,277.97,2181.03,2181.03,2181.03,0,1838,0,
before,movement,225.0,3,1,60,265.86,271.55,273.07,2203.0,2203.0,2203.0,0,1850,0,
before,battle,0.0,1,2,40,58.38,68.07,79.99,71.29,71.29,71.29,10440,30146,0,18.46
before,battle,0.0,2,2,40,64.08,69.81,89.6,71.88,71.88,71.88,10431,28698,0,17.46
before,battle,0.0,3,2,40,60.53,70.84,77.07,72.97,72.97,72.97,10440,29717,0,15.13
before,battle,225.0,1,2,40,298.7,320.62,332.3,2210.3,2210.3,2210.3,13021,14108,0,260.97
before,battle,225.0,2,2,40,292.83,318.06,338.18,2200.07,2200.07,2200.07,13034,14208,0,272.11
before,battle,225.0,3,2,40,304.48,324.45,330.78,2204.18,2204.18,2204.18,13025,13875,0,254.82
before,isolation,225.0,1,3,30,266.79,271.72,273.24,2225.72,2229.01,2229.01,1016,0,0,
before,isolation,225.0,2,3,30,261.46,271.02,277.42,2192.58,2195.93,2195.93,1009,0,0,
before,isolation,225.0,3,3,30,263.0,270.66,270.83,2210.34,2216.16,2216.16,1015,0,0,
before,first32,0.0,1,32,0,0,0,0,208.07,251.4,257.6,513,0,0,
before,first32,0.0,2,32,0,0,0,0,186.84,227.84,233.43,513,0,0,
before,first32,0.0,3,32,0,0,0,0,215.44,252.21,259.15,533,0,0,
before,first32,225.0,1,32,0,0,0,0,2297.55,2366.5,2368.37,513,0,0,
before,first32,225.0,2,32,0,0,0,0,2451.13,2479.55,2480.52,523,0,0,
before,first32,225.0,3,32,0,0,0,0,2357.62,2400.68,2405.99,513,0,0,
before,navigation32,225.0,rtt,32,960,307.25,353.26,386.55,2441.42,2498.09,2507.06,6533,26135,0,
after,starter,225.0,1,1,60,263.94,271.61,272.93,2182.18,2182.18,2182.18,6527,27628,0,
after,starter,225.0,2,1,60,264.48,273.08,274.06,2172.09,2172.09,2172.09,6524,27550,0,
after,starter,225.0,3,1,60,252.28,269.5,284.5,2189.13,2189.13,2189.13,6525,27017,0,
after,starter-local,0,1,1,60,16.73,18.77,19.28,53.47,53.47,53.47,6545,317787,0,
after,starter-local,0,2,1,60,17.01,17.92,28.32,53.0,53.0,53.0,6548,308314,0,
after,starter-local,0,3,1,60,16.89,18.47,24.42,55.5,55.5,55.5,6544,309254,0,
after,movement,0.0,1,1,60,16.78,18.47,18.61,62.27,62.27,62.27,0,22642,0,
after,movement,0.0,2,1,60,16.66,18.28,18.68,59.3,59.3,59.3,0,22746,0,
after,movement,0.0,3,1,60,16.63,18.22,18.79,59.88,59.88,59.88,0,22652,0,
after,movement,225.0,1,1,60,266.85,273.74,276.78,2187.79,2187.79,2187.79,0,1847,0,
after,movement,225.0,2,1,60,267.08,273.61,281.3,2180.95,2180.95,2180.95,0,1850,0,
after,movement,225.0,3,1,60,266.8,272.85,274.28,2177.14,2177.14,2177.14,0,1836,0,
after,battle,0.0,1,2,40,63.08,71.2,75.71,71.44,71.44,71.44,12986,21093,0,17.4
after,battle,0.0,2,2,40,61.76,70.45,74.32,70.6,70.6,70.6,12985,20950,0,16.29
after,battle,0.0,3,2,40,63.31,71.37,81.86,71.85,71.85,71.85,12988,20702,0,16.74
after,battle,225.0,1,2,40,297.4,324.0,326.91,2200.96,2200.96,2200.96,13025,14142,0,269.46
after,battle,225.0,2,2,40,295.23,319.89,327.74,2201.99,2201.99,2201.99,13025,13992,0,273.41
after,battle,225.0,3,2,40,305.36,335.46,337.72,2203.47,2203.47,2203.47,13027,15064,0,257.46
after,isolation,225.0,1,3,30,263.68,269.88,272.44,2178.86,2185.52,2185.52,1015,0,1,
after,isolation,225.0,2,3,30,264.52,271.42,272.99,2179.91,2186.48,2186.48,1007,0,1,
after,isolation,225.0,3,3,30,262.07,273.67,275.15,2189.08,2195.58,2195.58,1009,0,1,
after,first32,0.0,1,32,0,0,0,0,202.83,242.31,251.29,513,0,0,
after,first32,0.0,2,32,0,0,0,0,189.12,227.29,232.44,513,0,0,
after,first32,0.0,3,32,0,0,0,0,181.48,232.51,236.92,513,0,0,
after,first32,225.0,1,32,0,0,0,0,2395.17,2437.5,2442.65,533,0,0,
after,first32,225.0,2,32,0,0,0,0,2371.12,2421.58,2426.87,513,0,0,
after,first32,225.0,3,32,0,0,0,0,2339.23,2416.33,2423.15,533,0,0,
after,navigation32,225.0,rtt,32,960,295.48,361.06,387.81,2350.11,2414.65,2420.39,6529,25633,0,
final,isolation,225.0,1,3,30,262.84,273.53,278.72,2190.3,2199.21,2199.21,1010,0,1,
final,battle,225.0,1,2,40,289.37,321.14,324.85,2214.36,2214.36,2214.36,13017,13956,0,249.26
final,first32,225.0,1,32,0,0,0,0,2446.98,2487.14,2490.5,533,0,0,
final,bandwidth,225.0,1,1,30,448.28,551.94,552.04,2388.87,2388.87,2388.87,6215,20002,0,
